id,kode_provinsi,nama_provinsi,kode_kabupaten_kota,nama_kabupaten_kota,kondisi_lab,jumlah_lab,satuan,tahun
1,32,JAWA BARAT,3201,KABUPATEN BOGOR,BAIK,8,UNIT,2017/2018
2,32,JAWA BARAT,3201,KABUPATEN BOGOR,RUSAK RINGAN,9,UNIT,2017/2018
3,32,JAWA BARAT,3201,KABUPATEN BOGOR,RUSAK SEDANG,1,UNIT,2017/2018
4,32,JAWA BARAT,3201,KABUPATEN BOGOR,RUSAK BERAT,0,UNIT,2017/2018
5,32,JAWA BARAT,3201,KABUPATEN BOGOR,RUSAK TOTAL,0,UNIT,2017/2018
6,32,JAWA BARAT,3202,KABUPATEN SUKABUMI,BAIK,9,UNIT,2017/2018
7,32,JAWA BARAT,3202,KABUPATEN SUKABUMI,RUSAK RINGAN,9,UNIT,2017/2018
8,32,JAWA BARAT,3202,KABUPATEN SUKABUMI,RUSAK SEDANG,0,UNIT,2017/2018
9,32,JAWA BARAT,3202,KABUPATEN SUKABUMI,RUSAK BERAT,0,UNIT,2017/2018
10,32,JAWA BARAT,3202,KABUPATEN SUKABUMI,RUSAK TOTAL,0,UNIT,2017/2018
11,32,JAWA BARAT,3203,KABUPATEN CIANJUR,BAIK,8,UNIT,2017/2018
12,32,JAWA BARAT,3203,KABUPATEN CIANJUR,RUSAK RINGAN,8,UNIT,2017/2018
13,32,JAWA BARAT,3203,KABUPATEN CIANJUR,RUSAK SEDANG,0,UNIT,2017/2018
14,32,JAWA BARAT,3203,KABUPATEN CIANJUR,RUSAK BERAT,1,UNIT,2017/2018
15,32,JAWA BARAT,3203,KABUPATEN CIANJUR,RUSAK TOTAL,1,UNIT,2017/2018
16,32,JAWA BARAT,3204,KABUPATEN BANDUNG,BAIK,4,UNIT,2017/2018
17,32,JAWA BARAT,3204,KABUPATEN BANDUNG,RUSAK RINGAN,1,UNIT,2017/2018
18,32,JAWA BARAT,3204,KABUPATEN BANDUNG,RUSAK SEDANG,0,UNIT,2017/2018
19,32,JAWA BARAT,3204,KABUPATEN BANDUNG,RUSAK BERAT,0,UNIT,2017/2018
20,32,JAWA BARAT,3204,KABUPATEN BANDUNG,RUSAK TOTAL,0,UNIT,2017/2018
21,32,JAWA BARAT,3205,KABUPATEN GARUT,BAIK,3,UNIT,2017/2018
22,32,JAWA BARAT,3205,KABUPATEN GARUT,RUSAK RINGAN,6,UNIT,2017/2018
23,32,JAWA BARAT,3205,KABUPATEN GARUT,RUSAK SEDANG,0,UNIT,2017/2018
24,32,JAWA BARAT,3205,KABUPATEN GARUT,RUSAK BERAT,0,UNIT,2017/2018
25,32,JAWA BARAT,3205,KABUPATEN GARUT,RUSAK TOTAL,0,UNIT,2017/2018
26,32,JAWA BARAT,3206,KABUPATEN TASIKMALAYA,BAIK,6,UNIT,2017/2018
27,32,JAWA BARAT,3206,KABUPATEN TASIKMALAYA,RUSAK RINGAN,5,UNIT,2017/2018
28,32,JAWA BARAT,3206,KABUPATEN TASIKMALAYA,RUSAK SEDANG,0,UNIT,2017/2018
29,32,JAWA BARAT,3206,KABUPATEN TASIKMALAYA,RUSAK BERAT,0,UNIT,2017/2018
30,32,JAWA BARAT,3206,KABUPATEN TASIKMALAYA,RUSAK TOTAL,0,UNIT,2017/2018
31,32,JAWA BARAT,3207,KABUPATEN CIAMIS,BAIK,6,UNIT,2017/2018
32,32,JAWA BARAT,3207,KABUPATEN CIAMIS,RUSAK RINGAN,4,UNIT,2017/2018
33,32,JAWA BARAT,3207,KABUPATEN CIAMIS,RUSAK SEDANG,0,UNIT,2017/2018
34,32,JAWA BARAT,3207,KABUPATEN CIAMIS,RUSAK BERAT,1,UNIT,2017/2018
35,32,JAWA BARAT,3207,KABUPATEN CIAMIS,RUSAK TOTAL,0,UNIT,2017/2018
36,32,JAWA BARAT,3208,KABUPATEN KUNINGAN,BAIK,3,UNIT,2017/2018
37,32,JAWA BARAT,3208,KABUPATEN KUNINGAN,RUSAK RINGAN,1,UNIT,2017/2018
38,32,JAWA BARAT,3208,KABUPATEN KUNINGAN,RUSAK SEDANG,0,UNIT,2017/2018
39,32,JAWA BARAT,3208,KABUPATEN KUNINGAN,RUSAK BERAT,1,UNIT,2017/2018
40,32,JAWA BARAT,3208,KABUPATEN KUNINGAN,RUSAK TOTAL,1,UNIT,2017/2018
41,32,JAWA BARAT,3209,KABUPATEN CIREBON,BAIK,3,UNIT,2017/2018
42,32,JAWA BARAT,3209,KABUPATEN CIREBON,RUSAK RINGAN,1,UNIT,2017/2018
43,32,JAWA BARAT,3209,KABUPATEN CIREBON,RUSAK SEDANG,0,UNIT,2017/2018
44,32,JAWA BARAT,3209,KABUPATEN CIREBON,RUSAK BERAT,0,UNIT,2017/2018
45,32,JAWA BARAT,3209,KABUPATEN CIREBON,RUSAK TOTAL,0,UNIT,2017/2018
46,32,JAWA BARAT,3210,KABUPATEN MAJALENGKA,BAIK,7,UNIT,2017/2018
47,32,JAWA BARAT,3210,KABUPATEN MAJALENGKA,RUSAK RINGAN,3,UNIT,2017/2018
48,32,JAWA BARAT,3210,KABUPATEN MAJALENGKA,RUSAK SEDANG,0,UNIT,2017/2018
49,32,JAWA BARAT,3210,KABUPATEN MAJALENGKA,RUSAK BERAT,0,UNIT,2017/2018
50,32,JAWA BARAT,3210,KABUPATEN MAJALENGKA,RUSAK TOTAL,0,UNIT,2017/2018
51,32,JAWA BARAT,3211,KABUPATEN SUMEDANG,BAIK,5,UNIT,2017/2018
52,32,JAWA BARAT,3211,KABUPATEN SUMEDANG,RUSAK RINGAN,9,UNIT,2017/2018
53,32,JAWA BARAT,3211,KABUPATEN SUMEDANG,RUSAK SEDANG,0,UNIT,2017/2018
54,32,JAWA BARAT,3211,KABUPATEN SUMEDANG,RUSAK BERAT,0,UNIT,2017/2018
55,32,JAWA BARAT,3211,KABUPATEN SUMEDANG,RUSAK TOTAL,0,UNIT,2017/2018
56,32,JAWA BARAT,3212,KABUPATEN INDRAMAYU,BAIK,3,UNIT,2017/2018
57,32,JAWA BARAT,3212,KABUPATEN INDRAMAYU,RUSAK RINGAN,2,UNIT,2017/2018
58,32,JAWA BARAT,3212,KABUPATEN INDRAMAYU,RUSAK SEDANG,0,UNIT,2017/2018
59,32,JAWA BARAT,3212,KABUPATEN INDRAMAYU,RUSAK BERAT,0,UNIT,2017/2018
60,32,JAWA BARAT,3212,KABUPATEN INDRAMAYU,RUSAK TOTAL,1,UNIT,2017/2018
61,32,JAWA BARAT,3213,KABUPATEN SUBANG,BAIK,6,UNIT,2017/2018
62,32,JAWA BARAT,3213,KABUPATEN SUBANG,RUSAK RINGAN,4,UNIT,2017/2018
63,32,JAWA BARAT,3213,KABUPATEN SUBANG,RUSAK SEDANG,0,UNIT,2017/2018
64,32,JAWA BARAT,3213,KABUPATEN SUBANG,RUSAK BERAT,1,UNIT,2017/2018
65,32,JAWA BARAT,3213,KABUPATEN SUBANG,RUSAK TOTAL,0,UNIT,2017/2018
66,32,JAWA BARAT,3214,KABUPATEN PURWAKARTA,BAIK,1,UNIT,2017/2018
67,32,JAWA BARAT,3214,KABUPATEN PURWAKARTA,RUSAK RINGAN,2,UNIT,2017/2018
68,32,JAWA BARAT,3214,KABUPATEN PURWAKARTA,RUSAK SEDANG,0,UNIT,2017/2018
69,32,JAWA BARAT,3214,KABUPATEN PURWAKARTA,RUSAK BERAT,0,UNIT,2017/2018
70,32,JAWA BARAT,3214,KABUPATEN PURWAKARTA,RUSAK TOTAL,0,UNIT,2017/2018
71,32,JAWA BARAT,3215,KABUPATEN KARAWANG,BAIK,0,UNIT,2017/2018
72,32,JAWA BARAT,3215,KABUPATEN KARAWANG,RUSAK RINGAN,2,UNIT,2017/2018
73,32,JAWA BARAT,3215,KABUPATEN KARAWANG,RUSAK SEDANG,0,UNIT,2017/2018
74,32,JAWA BARAT,3215,KABUPATEN KARAWANG,RUSAK BERAT,0,UNIT,2017/2018
75,32,JAWA BARAT,3215,KABUPATEN KARAWANG,RUSAK TOTAL,0,UNIT,2017/2018
76,32,JAWA BARAT,3216,KABUPATEN BEKASI,BAIK,7,UNIT,2017/2018
77,32,JAWA BARAT,3216,KABUPATEN BEKASI,RUSAK RINGAN,2,UNIT,2017/2018
78,32,JAWA BARAT,3216,KABUPATEN BEKASI,RUSAK SEDANG,0,UNIT,2017/2018
79,32,JAWA BARAT,3216,KABUPATEN BEKASI,RUSAK BERAT,0,UNIT,2017/2018
80,32,JAWA BARAT,3216,KABUPATEN BEKASI,RUSAK TOTAL,1,UNIT,2017/2018
81,32,JAWA BARAT,3217,KABUPATEN BANDUNG BARAT,BAIK,2,UNIT,2017/2018
82,32,JAWA BARAT,3217,KABUPATEN BANDUNG BARAT,RUSAK RINGAN,3,UNIT,2017/2018
83,32,JAWA BARAT,3217,KABUPATEN BANDUNG BARAT,RUSAK SEDANG,0,UNIT,2017/2018
84,32,JAWA BARAT,3217,KABUPATEN BANDUNG BARAT,RUSAK BERAT,0,UNIT,2017/2018
85,32,JAWA BARAT,3217,KABUPATEN BANDUNG BARAT,RUSAK TOTAL,0,UNIT,2017/2018
86,32,JAWA BARAT,3218,KABUPATEN PANGANDARAN,BAIK,3,UNIT,2017/2018
87,32,JAWA BARAT,3218,KABUPATEN PANGANDARAN,RUSAK RINGAN,1,UNIT,2017/2018
88,32,JAWA BARAT,3218,KABUPATEN PANGANDARAN,RUSAK SEDANG,0,UNIT,2017/2018
89,32,JAWA BARAT,3218,KABUPATEN PANGANDARAN,RUSAK BERAT,0,UNIT,2017/2018
90,32,JAWA BARAT,3218,KABUPATEN PANGANDARAN,RUSAK TOTAL,0,UNIT,2017/2018
91,32,JAWA BARAT,3271,KOTA BOGOR,BAIK,2,UNIT,2017/2018
92,32,JAWA BARAT,3271,KOTA BOGOR,RUSAK RINGAN,3,UNIT,2017/2018
93,32,JAWA BARAT,3271,KOTA BOGOR,RUSAK SEDANG,0,UNIT,2017/2018
94,32,JAWA BARAT,3271,KOTA BOGOR,RUSAK BERAT,0,UNIT,2017/2018
95,32,JAWA BARAT,3271,KOTA BOGOR,RUSAK TOTAL,0,UNIT,2017/2018
96,32,JAWA BARAT,3272,KOTA SUKABUMI,BAIK,2,UNIT,2017/2018
97,32,JAWA BARAT,3272,KOTA SUKABUMI,RUSAK RINGAN,2,UNIT,2017/2018
98,32,JAWA BARAT,3272,KOTA SUKABUMI,RUSAK SEDANG,0,UNIT,2017/2018
99,32,JAWA BARAT,3272,KOTA SUKABUMI,RUSAK BERAT,0,UNIT,2017/2018
100,32,JAWA BARAT,3272,KOTA SUKABUMI,RUSAK TOTAL,0,UNIT,2017/2018
101,32,JAWA BARAT,3273,KOTA BANDUNG,BAIK,7,UNIT,2017/2018
102,32,JAWA BARAT,3273,KOTA BANDUNG,RUSAK RINGAN,6,UNIT,2017/2018
103,32,JAWA BARAT,3273,KOTA BANDUNG,RUSAK SEDANG,1,UNIT,2017/2018
104,32,JAWA BARAT,3273,KOTA BANDUNG,RUSAK BERAT,0,UNIT,2017/2018
105,32,JAWA BARAT,3273,KOTA BANDUNG,RUSAK TOTAL,0,UNIT,2017/2018
106,32,JAWA BARAT,3274,KOTA CIREBON,BAIK,0,UNIT,2017/2018
107,32,JAWA BARAT,3274,KOTA CIREBON,RUSAK RINGAN,2,UNIT,2017/2018
108,32,JAWA BARAT,3274,KOTA CIREBON,RUSAK SEDANG,0,UNIT,2017/2018
109,32,JAWA BARAT,3274,KOTA CIREBON,RUSAK BERAT,0,UNIT,2017/2018
110,32,JAWA BARAT,3274,KOTA CIREBON,RUSAK TOTAL,1,UNIT,2017/2018
111,32,JAWA BARAT,3275,KOTA BEKASI,BAIK,6,UNIT,2017/2018
112,32,JAWA BARAT,3275,KOTA BEKASI,RUSAK RINGAN,8,UNIT,2017/2018
113,32,JAWA BARAT,3275,KOTA BEKASI,RUSAK SEDANG,0,UNIT,2017/2018
114,32,JAWA BARAT,3275,KOTA BEKASI,RUSAK BERAT,0,UNIT,2017/2018
115,32,JAWA BARAT,3275,KOTA BEKASI,RUSAK TOTAL,1,UNIT,2017/2018
116,32,JAWA BARAT,3276,KOTA DEPOK,BAIK,3,UNIT,2017/2018
117,32,JAWA BARAT,3276,KOTA DEPOK,RUSAK RINGAN,8,UNIT,2017/2018
118,32,JAWA BARAT,3276,KOTA DEPOK,RUSAK SEDANG,0,UNIT,2017/2018
119,32,JAWA BARAT,3276,KOTA DEPOK,RUSAK BERAT,1,UNIT,2017/2018
120,32,JAWA BARAT,3276,KOTA DEPOK,RUSAK TOTAL,0,UNIT,2017/2018
121,32,JAWA BARAT,3277,KOTA CIMAHI,BAIK,1,UNIT,2017/2018
122,32,JAWA BARAT,3277,KOTA CIMAHI,RUSAK RINGAN,0,UNIT,2017/2018
123,32,JAWA BARAT,3277,KOTA CIMAHI,RUSAK SEDANG,0,UNIT,2017/2018
124,32,JAWA BARAT,3277,KOTA CIMAHI,RUSAK BERAT,0,UNIT,2017/2018
125,32,JAWA BARAT,3277,KOTA CIMAHI,RUSAK TOTAL,0,UNIT,2017/2018
126,32,JAWA BARAT,3278,KOTA TASIKMALAYA,BAIK,1,UNIT,2017/2018
127,32,JAWA BARAT,3278,KOTA TASIKMALAYA,RUSAK RINGAN,1,UNIT,2017/2018
128,32,JAWA BARAT,3278,KOTA TASIKMALAYA,RUSAK SEDANG,0,UNIT,2017/2018
129,32,JAWA BARAT,3278,KOTA TASIKMALAYA,RUSAK BERAT,0,UNIT,2017/2018
130,32,JAWA BARAT,3278,KOTA TASIKMALAYA,RUSAK TOTAL,0,UNIT,2017/2018
131,32,JAWA BARAT,3279,KOTA BANJAR,BAIK,0,UNIT,2017/2018
132,32,JAWA BARAT,3279,KOTA BANJAR,RUSAK RINGAN,0,UNIT,2017/2018
133,32,JAWA BARAT,3279,KOTA BANJAR,RUSAK SEDANG,0,UNIT,2017/2018
134,32,JAWA BARAT,3279,KOTA BANJAR,RUSAK BERAT,0,UNIT,2017/2018
135,32,JAWA BARAT,3279,KOTA BANJAR,RUSAK TOTAL,0,UNIT,2017/2018
136,32,JAWA BARAT,3201,KABUPATEN BOGOR,BAIK,11,UNIT,2018/2019
137,32,JAWA BARAT,3201,KABUPATEN BOGOR,RUSAK RINGAN,9,UNIT,2018/2019
138,32,JAWA BARAT,3201,KABUPATEN BOGOR,RUSAK SEDANG,2,UNIT,2018/2019
139,32,JAWA BARAT,3201,KABUPATEN BOGOR,RUSAK BERAT,0,UNIT,2018/2019
140,32,JAWA BARAT,3201,KABUPATEN BOGOR,RUSAK TOTAL,0,UNIT,2018/2019
141,32,JAWA BARAT,3202,KABUPATEN SUKABUMI,BAIK,13,UNIT,2018/2019
142,32,JAWA BARAT,3202,KABUPATEN SUKABUMI,RUSAK RINGAN,8,UNIT,2018/2019
143,32,JAWA BARAT,3202,KABUPATEN SUKABUMI,RUSAK SEDANG,0,UNIT,2018/2019
144,32,JAWA BARAT,3202,KABUPATEN SUKABUMI,RUSAK BERAT,0,UNIT,2018/2019
145,32,JAWA BARAT,3202,KABUPATEN SUKABUMI,RUSAK TOTAL,0,UNIT,2018/2019
146,32,JAWA BARAT,3203,KABUPATEN CIANJUR,BAIK,10,UNIT,2018/2019
147,32,JAWA BARAT,3203,KABUPATEN CIANJUR,RUSAK RINGAN,7,UNIT,2018/2019
148,32,JAWA BARAT,3203,KABUPATEN CIANJUR,RUSAK SEDANG,0,UNIT,2018/2019
149,32,JAWA BARAT,3203,KABUPATEN CIANJUR,RUSAK BERAT,0,UNIT,2018/2019
150,32,JAWA BARAT,3203,KABUPATEN CIANJUR,RUSAK TOTAL,0,UNIT,2018/2019
151,32,JAWA BARAT,3204,KABUPATEN BANDUNG,BAIK,5,UNIT,2018/2019
152,32,JAWA BARAT,3204,KABUPATEN BANDUNG,RUSAK RINGAN,2,UNIT,2018/2019
153,32,JAWA BARAT,3204,KABUPATEN BANDUNG,RUSAK SEDANG,0,UNIT,2018/2019
154,32,JAWA BARAT,3204,KABUPATEN BANDUNG,RUSAK BERAT,0,UNIT,2018/2019
155,32,JAWA BARAT,3204,KABUPATEN BANDUNG,RUSAK TOTAL,0,UNIT,2018/2019
156,32,JAWA BARAT,3205,KABUPATEN GARUT,BAIK,6,UNIT,2018/2019
157,32,JAWA BARAT,3205,KABUPATEN GARUT,RUSAK RINGAN,6,UNIT,2018/2019
158,32,JAWA BARAT,3205,KABUPATEN GARUT,RUSAK SEDANG,1,UNIT,2018/2019
159,32,JAWA BARAT,3205,KABUPATEN GARUT,RUSAK BERAT,0,UNIT,2018/2019
160,32,JAWA BARAT,3205,KABUPATEN GARUT,RUSAK TOTAL,1,UNIT,2018/2019
161,32,JAWA BARAT,3206,KABUPATEN TASIKMALAYA,BAIK,6,UNIT,2018/2019
162,32,JAWA BARAT,3206,KABUPATEN TASIKMALAYA,RUSAK RINGAN,5,UNIT,2018/2019
163,32,JAWA BARAT,3206,KABUPATEN TASIKMALAYA,RUSAK SEDANG,0,UNIT,2018/2019
164,32,JAWA BARAT,3206,KABUPATEN TASIKMALAYA,RUSAK BERAT,0,UNIT,2018/2019
165,32,JAWA BARAT,3206,KABUPATEN TASIKMALAYA,RUSAK TOTAL,0,UNIT,2018/2019
166,32,JAWA BARAT,3207,KABUPATEN CIAMIS,BAIK,7,UNIT,2018/2019
167,32,JAWA BARAT,3207,KABUPATEN CIAMIS,RUSAK RINGAN,3,UNIT,2018/2019
168,32,JAWA BARAT,3207,KABUPATEN CIAMIS,RUSAK SEDANG,1,UNIT,2018/2019
169,32,JAWA BARAT,3207,KABUPATEN CIAMIS,RUSAK BERAT,1,UNIT,2018/2019
170,32,JAWA BARAT,3207,KABUPATEN CIAMIS,RUSAK TOTAL,0,UNIT,2018/2019
171,32,JAWA BARAT,3208,KABUPATEN KUNINGAN,BAIK,2,UNIT,2018/2019
172,32,JAWA BARAT,3208,KABUPATEN KUNINGAN,RUSAK RINGAN,0,UNIT,2018/2019
173,32,JAWA BARAT,3208,KABUPATEN KUNINGAN,RUSAK SEDANG,0,UNIT,2018/2019
174,32,JAWA BARAT,3208,KABUPATEN KUNINGAN,RUSAK BERAT,1,UNIT,2018/2019
175,32,JAWA BARAT,3208,KABUPATEN KUNINGAN,RUSAK TOTAL,1,UNIT,2018/2019
176,32,JAWA BARAT,3209,KABUPATEN CIREBON,BAIK,4,UNIT,2018/2019
177,32,JAWA BARAT,3209,KABUPATEN CIREBON,RUSAK RINGAN,2,UNIT,2018/2019
178,32,JAWA BARAT,3209,KABUPATEN CIREBON,RUSAK SEDANG,0,UNIT,2018/2019
179,32,JAWA BARAT,3209,KABUPATEN CIREBON,RUSAK BERAT,0,UNIT,2018/2019
180,32,JAWA BARAT,3209,KABUPATEN CIREBON,RUSAK TOTAL,0,UNIT,2018/2019
181,32,JAWA BARAT,3210,KABUPATEN MAJALENGKA,BAIK,6,UNIT,2018/2019
182,32,JAWA BARAT,3210,KABUPATEN MAJALENGKA,RUSAK RINGAN,2,UNIT,2018/2019
183,32,JAWA BARAT,3210,KABUPATEN MAJALENGKA,RUSAK SEDANG,1,UNIT,2018/2019
184,32,JAWA BARAT,3210,KABUPATEN MAJALENGKA,RUSAK BERAT,0,UNIT,2018/2019
185,32,JAWA BARAT,3210,KABUPATEN MAJALENGKA,RUSAK TOTAL,0,UNIT,2018/2019
186,32,JAWA BARAT,3211,KABUPATEN SUMEDANG,BAIK,5,UNIT,2018/2019
187,32,JAWA BARAT,3211,KABUPATEN SUMEDANG,RUSAK RINGAN,9,UNIT,2018/2019
188,32,JAWA BARAT,3211,KABUPATEN SUMEDANG,RUSAK SEDANG,0,UNIT,2018/2019
189,32,JAWA BARAT,3211,KABUPATEN SUMEDANG,RUSAK BERAT,0,UNIT,2018/2019
190,32,JAWA BARAT,3211,KABUPATEN SUMEDANG,RUSAK TOTAL,0,UNIT,2018/2019
191,32,JAWA BARAT,3212,KABUPATEN INDRAMAYU,BAIK,2,UNIT,2018/2019
192,32,JAWA BARAT,3212,KABUPATEN INDRAMAYU,RUSAK RINGAN,3,UNIT,2018/2019
193,32,JAWA BARAT,3212,KABUPATEN INDRAMAYU,RUSAK SEDANG,0,UNIT,2018/2019
194,32,JAWA BARAT,3212,KABUPATEN INDRAMAYU,RUSAK BERAT,0,UNIT,2018/2019
195,32,JAWA BARAT,3212,KABUPATEN INDRAMAYU,RUSAK TOTAL,1,UNIT,2018/2019
196,32,JAWA BARAT,3213,KABUPATEN SUBANG,BAIK,7,UNIT,2018/2019
197,32,JAWA BARAT,3213,KABUPATEN SUBANG,RUSAK RINGAN,6,UNIT,2018/2019
198,32,JAWA BARAT,3213,KABUPATEN SUBANG,RUSAK SEDANG,0,UNIT,2018/2019
199,32,JAWA BARAT,3213,KABUPATEN SUBANG,RUSAK BERAT,0,UNIT,2018/2019
200,32,JAWA BARAT,3213,KABUPATEN SUBANG,RUSAK TOTAL,0,UNIT,2018/2019
201,32,JAWA BARAT,3214,KABUPATEN PURWAKARTA,BAIK,2,UNIT,2018/2019
202,32,JAWA BARAT,3214,KABUPATEN PURWAKARTA,RUSAK RINGAN,0,UNIT,2018/2019
203,32,JAWA BARAT,3214,KABUPATEN PURWAKARTA,RUSAK SEDANG,0,UNIT,2018/2019
204,32,JAWA BARAT,3214,KABUPATEN PURWAKARTA,RUSAK BERAT,0,UNIT,2018/2019
205,32,JAWA BARAT,3214,KABUPATEN PURWAKARTA,RUSAK TOTAL,0,UNIT,2018/2019
206,32,JAWA BARAT,3215,KABUPATEN KARAWANG,BAIK,1,UNIT,2018/2019
207,32,JAWA BARAT,3215,KABUPATEN KARAWANG,RUSAK RINGAN,2,UNIT,2018/2019
208,32,JAWA BARAT,3215,KABUPATEN KARAWANG,RUSAK SEDANG,0,UNIT,2018/2019
209,32,JAWA BARAT,3215,KABUPATEN KARAWANG,RUSAK BERAT,0,UNIT,2018/2019
210,32,JAWA BARAT,3215,KABUPATEN KARAWANG,RUSAK TOTAL,0,UNIT,2018/2019
211,32,JAWA BARAT,3216,KABUPATEN BEKASI,BAIK,9,UNIT,2018/2019
212,32,JAWA BARAT,3216,KABUPATEN BEKASI,RUSAK RINGAN,5,UNIT,2018/2019
213,32,JAWA BARAT,3216,KABUPATEN BEKASI,RUSAK SEDANG,0,UNIT,2018/2019
214,32,JAWA BARAT,3216,KABUPATEN BEKASI,RUSAK BERAT,0,UNIT,2018/2019
215,32,JAWA BARAT,3216,KABUPATEN BEKASI,RUSAK TOTAL,0,UNIT,2018/2019
216,32,JAWA BARAT,3217,KABUPATEN BANDUNG BARAT,BAIK,2,UNIT,2018/2019
217,32,JAWA BARAT,3217,KABUPATEN BANDUNG BARAT,RUSAK RINGAN,4,UNIT,2018/2019
218,32,JAWA BARAT,3217,KABUPATEN BANDUNG BARAT,RUSAK SEDANG,0,UNIT,2018/2019
219,32,JAWA BARAT,3217,KABUPATEN BANDUNG BARAT,RUSAK BERAT,0,UNIT,2018/2019
220,32,JAWA BARAT,3217,KABUPATEN BANDUNG BARAT,RUSAK TOTAL,0,UNIT,2018/2019
221,32,JAWA BARAT,3218,KABUPATEN PANGANDARAN,BAIK,3,UNIT,2018/2019
222,32,JAWA BARAT,3218,KABUPATEN PANGANDARAN,RUSAK RINGAN,1,UNIT,2018/2019
223,32,JAWA BARAT,3218,KABUPATEN PANGANDARAN,RUSAK SEDANG,0,UNIT,2018/2019
224,32,JAWA BARAT,3218,KABUPATEN PANGANDARAN,RUSAK BERAT,0,UNIT,2018/2019
225,32,JAWA BARAT,3218,KABUPATEN PANGANDARAN,RUSAK TOTAL,0,UNIT,2018/2019
226,32,JAWA BARAT,3271,KOTA BOGOR,BAIK,2,UNIT,2018/2019
227,32,JAWA BARAT,3271,KOTA BOGOR,RUSAK RINGAN,3,UNIT,2018/2019
228,32,JAWA BARAT,3271,KOTA BOGOR,RUSAK SEDANG,0,UNIT,2018/2019
229,32,JAWA BARAT,3271,KOTA BOGOR,RUSAK BERAT,0,UNIT,2018/2019
230,32,JAWA BARAT,3271,KOTA BOGOR,RUSAK TOTAL,0,UNIT,2018/2019
231,32,JAWA BARAT,3272,KOTA SUKABUMI,BAIK,2,UNIT,2018/2019
232,32,JAWA BARAT,3272,KOTA SUKABUMI,RUSAK RINGAN,3,UNIT,2018/2019
233,32,JAWA BARAT,3272,KOTA SUKABUMI,RUSAK SEDANG,0,UNIT,2018/2019
234,32,JAWA BARAT,3272,KOTA SUKABUMI,RUSAK BERAT,0,UNIT,2018/2019
235,32,JAWA BARAT,3272,KOTA SUKABUMI,RUSAK TOTAL,0,UNIT,2018/2019
236,32,JAWA BARAT,3273,KOTA BANDUNG,BAIK,9,UNIT,2018/2019
237,32,JAWA BARAT,3273,KOTA BANDUNG,RUSAK RINGAN,6,UNIT,2018/2019
238,32,JAWA BARAT,3273,KOTA BANDUNG,RUSAK SEDANG,1,UNIT,2018/2019
239,32,JAWA BARAT,3273,KOTA BANDUNG,RUSAK BERAT,0,UNIT,2018/2019
240,32,JAWA BARAT,3273,KOTA BANDUNG,RUSAK TOTAL,0,UNIT,2018/2019
241,32,JAWA BARAT,3274,KOTA CIREBON,BAIK,1,UNIT,2018/2019
242,32,JAWA BARAT,3274,KOTA CIREBON,RUSAK RINGAN,1,UNIT,2018/2019
243,32,JAWA BARAT,3274,KOTA CIREBON,RUSAK SEDANG,0,UNIT,2018/2019
244,32,JAWA BARAT,3274,KOTA CIREBON,RUSAK BERAT,0,UNIT,2018/2019
245,32,JAWA BARAT,3274,KOTA CIREBON,RUSAK TOTAL,0,UNIT,2018/2019
246,32,JAWA BARAT,3275,KOTA BEKASI,BAIK,8,UNIT,2018/2019
247,32,JAWA BARAT,3275,KOTA BEKASI,RUSAK RINGAN,7,UNIT,2018/2019
248,32,JAWA BARAT,3275,KOTA BEKASI,RUSAK SEDANG,0,UNIT,2018/2019
249,32,JAWA BARAT,3275,KOTA BEKASI,RUSAK BERAT,1,UNIT,2018/2019
250,32,JAWA BARAT,3275,KOTA BEKASI,RUSAK TOTAL,1,UNIT,2018/2019
251,32,JAWA BARAT,3276,KOTA DEPOK,BAIK,4,UNIT,2018/2019
252,32,JAWA BARAT,3276,KOTA DEPOK,RUSAK RINGAN,7,UNIT,2018/2019
253,32,JAWA BARAT,3276,KOTA DEPOK,RUSAK SEDANG,0,UNIT,2018/2019
254,32,JAWA BARAT,3276,KOTA DEPOK,RUSAK BERAT,0,UNIT,2018/2019
255,32,JAWA BARAT,3276,KOTA DEPOK,RUSAK TOTAL,0,UNIT,2018/2019
256,32,JAWA BARAT,3277,KOTA CIMAHI,BAIK,1,UNIT,2018/2019
257,32,JAWA BARAT,3277,KOTA CIMAHI,RUSAK RINGAN,0,UNIT,2018/2019
258,32,JAWA BARAT,3277,KOTA CIMAHI,RUSAK SEDANG,0,UNIT,2018/2019
259,32,JAWA BARAT,3277,KOTA CIMAHI,RUSAK BERAT,0,UNIT,2018/2019
260,32,JAWA BARAT,3277,KOTA CIMAHI,RUSAK TOTAL,0,UNIT,2018/2019
261,32,JAWA BARAT,3278,KOTA TASIKMALAYA,BAIK,1,UNIT,2018/2019
262,32,JAWA BARAT,3278,KOTA TASIKMALAYA,RUSAK RINGAN,1,UNIT,2018/2019
263,32,JAWA BARAT,3278,KOTA TASIKMALAYA,RUSAK SEDANG,0,UNIT,2018/2019
264,32,JAWA BARAT,3278,KOTA TASIKMALAYA,RUSAK BERAT,0,UNIT,2018/2019
265,32,JAWA BARAT,3278,KOTA TASIKMALAYA,RUSAK TOTAL,0,UNIT,2018/2019
266,32,JAWA BARAT,3279,KOTA BANJAR,BAIK,0,UNIT,2018/2019
267,32,JAWA BARAT,3279,KOTA BANJAR,RUSAK RINGAN,0,UNIT,2018/2019
268,32,JAWA BARAT,3279,KOTA BANJAR,RUSAK SEDANG,0,UNIT,2018/2019
269,32,JAWA BARAT,3279,KOTA BANJAR,RUSAK BERAT,0,UNIT,2018/2019
270,32,JAWA BARAT,3279,KOTA BANJAR,RUSAK TOTAL,0,UNIT,2018/2019
271,32,JAWA BARAT,3201,KABUPATEN BOGOR,BAIK,22,UNIT,2019/2020
272,32,JAWA BARAT,3201,KABUPATEN BOGOR,RUSAK RINGAN,45,UNIT,2019/2020
273,32,JAWA BARAT,3201,KABUPATEN BOGOR,RUSAK SEDANG,6,UNIT,2019/2020
274,32,JAWA BARAT,3201,KABUPATEN BOGOR,RUSAK BERAT,0,UNIT,2019/2020
275,32,JAWA BARAT,3201,KABUPATEN BOGOR,RUSAK TOTAL,0,UNIT,2019/2020
276,32,JAWA BARAT,3202,KABUPATEN SUKABUMI,BAIK,7,UNIT,2019/2020
277,32,JAWA BARAT,3202,KABUPATEN SUKABUMI,RUSAK RINGAN,28,UNIT,2019/2020
278,32,JAWA BARAT,3202,KABUPATEN SUKABUMI,RUSAK SEDANG,0,UNIT,2019/2020
279,32,JAWA BARAT,3202,KABUPATEN SUKABUMI,RUSAK BERAT,0,UNIT,2019/2020
280,32,JAWA BARAT,3202,KABUPATEN SUKABUMI,RUSAK TOTAL,0,UNIT,2019/2020
281,32,JAWA BARAT,3203,KABUPATEN CIANJUR,BAIK,17,UNIT,2019/2020
282,32,JAWA BARAT,3203,KABUPATEN CIANJUR,RUSAK RINGAN,42,UNIT,2019/2020
283,32,JAWA BARAT,3203,KABUPATEN CIANJUR,RUSAK SEDANG,0,UNIT,2019/2020
284,32,JAWA BARAT,3203,KABUPATEN CIANJUR,RUSAK BERAT,0,UNIT,2019/2020
285,32,JAWA BARAT,3203,KABUPATEN CIANJUR,RUSAK TOTAL,0,UNIT,2019/2020
286,32,JAWA BARAT,3204,KABUPATEN BANDUNG,BAIK,9,UNIT,2019/2020
287,32,JAWA BARAT,3204,KABUPATEN BANDUNG,RUSAK RINGAN,23,UNIT,2019/2020
288,32,JAWA BARAT,3204,KABUPATEN BANDUNG,RUSAK SEDANG,1,UNIT,2019/2020
289,32,JAWA BARAT,3204,KABUPATEN BANDUNG,RUSAK BERAT,2,UNIT,2019/2020
290,32,JAWA BARAT,3204,KABUPATEN BANDUNG,RUSAK TOTAL,0,UNIT,2019/2020
291,32,JAWA BARAT,3205,KABUPATEN GARUT,BAIK,11,UNIT,2019/2020
292,32,JAWA BARAT,3205,KABUPATEN GARUT,RUSAK RINGAN,32,UNIT,2019/2020
293,32,JAWA BARAT,3205,KABUPATEN GARUT,RUSAK SEDANG,4,UNIT,2019/2020
294,32,JAWA BARAT,3205,KABUPATEN GARUT,RUSAK BERAT,0,UNIT,2019/2020
295,32,JAWA BARAT,3205,KABUPATEN GARUT,RUSAK TOTAL,0,UNIT,2019/2020
296,32,JAWA BARAT,3206,KABUPATEN TASIKMALAYA,BAIK,10,UNIT,2019/2020
297,32,JAWA BARAT,3206,KABUPATEN TASIKMALAYA,RUSAK RINGAN,18,UNIT,2019/2020
298,32,JAWA BARAT,3206,KABUPATEN TASIKMALAYA,RUSAK SEDANG,0,UNIT,2019/2020
299,32,JAWA BARAT,3206,KABUPATEN TASIKMALAYA,RUSAK BERAT,0,UNIT,2019/2020
300,32,JAWA BARAT,3206,KABUPATEN TASIKMALAYA,RUSAK TOTAL,0,UNIT,2019/2020
301,32,JAWA BARAT,3207,KABUPATEN CIAMIS,BAIK,11,UNIT,2019/2020
302,32,JAWA BARAT,3207,KABUPATEN CIAMIS,RUSAK RINGAN,18,UNIT,2019/2020
303,32,JAWA BARAT,3207,KABUPATEN CIAMIS,RUSAK SEDANG,2,UNIT,2019/2020
304,32,JAWA BARAT,3207,KABUPATEN CIAMIS,RUSAK BERAT,0,UNIT,2019/2020
305,32,JAWA BARAT,3207,KABUPATEN CIAMIS,RUSAK TOTAL,0,UNIT,2019/2020
306,32,JAWA BARAT,3208,KABUPATEN KUNINGAN,BAIK,12,UNIT,2019/2020
307,32,JAWA BARAT,3208,KABUPATEN KUNINGAN,RUSAK RINGAN,3,UNIT,2019/2020
308,32,JAWA BARAT,3208,KABUPATEN KUNINGAN,RUSAK SEDANG,0,UNIT,2019/2020
309,32,JAWA BARAT,3208,KABUPATEN KUNINGAN,RUSAK BERAT,2,UNIT,2019/2020
310,32,JAWA BARAT,3208,KABUPATEN KUNINGAN,RUSAK TOTAL,0,UNIT,2019/2020
311,32,JAWA BARAT,3209,KABUPATEN CIREBON,BAIK,15,UNIT,2019/2020
312,32,JAWA BARAT,3209,KABUPATEN CIREBON,RUSAK RINGAN,19,UNIT,2019/2020
313,32,JAWA BARAT,3209,KABUPATEN CIREBON,RUSAK SEDANG,4,UNIT,2019/2020
314,32,JAWA BARAT,3209,KABUPATEN CIREBON,RUSAK BERAT,0,UNIT,2019/2020
315,32,JAWA BARAT,3209,KABUPATEN CIREBON,RUSAK TOTAL,0,UNIT,2019/2020
316,32,JAWA BARAT,3210,KABUPATEN MAJALENGKA,BAIK,15,UNIT,2019/2020
317,32,JAWA BARAT,3210,KABUPATEN MAJALENGKA,RUSAK RINGAN,9,UNIT,2019/2020
318,32,JAWA BARAT,3210,KABUPATEN MAJALENGKA,RUSAK SEDANG,1,UNIT,2019/2020
319,32,JAWA BARAT,3210,KABUPATEN MAJALENGKA,RUSAK BERAT,0,UNIT,2019/2020
320,32,JAWA BARAT,3210,KABUPATEN MAJALENGKA,RUSAK TOTAL,0,UNIT,2019/2020
321,32,JAWA BARAT,3211,KABUPATEN SUMEDANG,BAIK,10,UNIT,2019/2020
322,32,JAWA BARAT,3211,KABUPATEN SUMEDANG,RUSAK RINGAN,19,UNIT,2019/2020
323,32,JAWA BARAT,3211,KABUPATEN SUMEDANG,RUSAK SEDANG,0,UNIT,2019/2020
324,32,JAWA BARAT,3211,KABUPATEN SUMEDANG,RUSAK BERAT,0,UNIT,2019/2020
325,32,JAWA BARAT,3211,KABUPATEN SUMEDANG,RUSAK TOTAL,0,UNIT,2019/2020
326,32,JAWA BARAT,3212,KABUPATEN INDRAMAYU,BAIK,9,UNIT,2019/2020
327,32,JAWA BARAT,3212,KABUPATEN INDRAMAYU,RUSAK RINGAN,12,UNIT,2019/2020
328,32,JAWA BARAT,3212,KABUPATEN INDRAMAYU,RUSAK SEDANG,2,UNIT,2019/2020
329,32,JAWA BARAT,3212,KABUPATEN INDRAMAYU,RUSAK BERAT,1,UNIT,2019/2020
330,32,JAWA BARAT,3212,KABUPATEN INDRAMAYU,RUSAK TOTAL,0,UNIT,2019/2020
331,32,JAWA BARAT,3213,KABUPATEN SUBANG,BAIK,10,UNIT,2019/2020
332,32,JAWA BARAT,3213,KABUPATEN SUBANG,RUSAK RINGAN,25,UNIT,2019/2020
333,32,JAWA BARAT,3213,KABUPATEN SUBANG,RUSAK SEDANG,0,UNIT,2019/2020
334,32,JAWA BARAT,3213,KABUPATEN SUBANG,RUSAK BERAT,0,UNIT,2019/2020
335,32,JAWA BARAT,3213,KABUPATEN SUBANG,RUSAK TOTAL,0,UNIT,2019/2020
336,32,JAWA BARAT,3214,KABUPATEN PURWAKARTA,BAIK,6,UNIT,2019/2020
337,32,JAWA BARAT,3214,KABUPATEN PURWAKARTA,RUSAK RINGAN,8,UNIT,2019/2020
338,32,JAWA BARAT,3214,KABUPATEN PURWAKARTA,RUSAK SEDANG,0,UNIT,2019/2020
339,32,JAWA BARAT,3214,KABUPATEN PURWAKARTA,RUSAK BERAT,0,UNIT,2019/2020
340,32,JAWA BARAT,3214,KABUPATEN PURWAKARTA,RUSAK TOTAL,0,UNIT,2019/2020
341,32,JAWA BARAT,3215,KABUPATEN KARAWANG,BAIK,7,UNIT,2019/2020
342,32,JAWA BARAT,3215,KABUPATEN KARAWANG,RUSAK RINGAN,26,UNIT,2019/2020
343,32,JAWA BARAT,3215,KABUPATEN KARAWANG,RUSAK SEDANG,0,UNIT,2019/2020
344,32,JAWA BARAT,3215,KABUPATEN KARAWANG,RUSAK BERAT,0,UNIT,2019/2020
345,32,JAWA BARAT,3215,KABUPATEN KARAWANG,RUSAK TOTAL,0,UNIT,2019/2020
346,32,JAWA BARAT,3216,KABUPATEN BEKASI,BAIK,12,UNIT,2019/2020
347,32,JAWA BARAT,3216,KABUPATEN BEKASI,RUSAK RINGAN,13,UNIT,2019/2020
348,32,JAWA BARAT,3216,KABUPATEN BEKASI,RUSAK SEDANG,2,UNIT,2019/2020
349,32,JAWA BARAT,3216,KABUPATEN BEKASI,RUSAK BERAT,0,UNIT,2019/2020
350,32,JAWA BARAT,3216,KABUPATEN BEKASI,RUSAK TOTAL,0,UNIT,2019/2020
351,32,JAWA BARAT,3217,KABUPATEN BANDUNG BARAT,BAIK,12,UNIT,2019/2020
352,32,JAWA BARAT,3217,KABUPATEN BANDUNG BARAT,RUSAK RINGAN,15,UNIT,2019/2020
353,32,JAWA BARAT,3217,KABUPATEN BANDUNG BARAT,RUSAK SEDANG,0,UNIT,2019/2020
354,32,JAWA BARAT,3217,KABUPATEN BANDUNG BARAT,RUSAK BERAT,0,UNIT,2019/2020
355,32,JAWA BARAT,3217,KABUPATEN BANDUNG BARAT,RUSAK TOTAL,0,UNIT,2019/2020
356,32,JAWA BARAT,3218,KABUPATEN PANGANDARAN,BAIK,2,UNIT,2019/2020
357,32,JAWA BARAT,3218,KABUPATEN PANGANDARAN,RUSAK RINGAN,5,UNIT,2019/2020
358,32,JAWA BARAT,3218,KABUPATEN PANGANDARAN,RUSAK SEDANG,0,UNIT,2019/2020
359,32,JAWA BARAT,3218,KABUPATEN PANGANDARAN,RUSAK BERAT,0,UNIT,2019/2020
360,32,JAWA BARAT,3218,KABUPATEN PANGANDARAN,RUSAK TOTAL,0,UNIT,2019/2020
361,32,JAWA BARAT,3271,KOTA BOGOR,BAIK,16,UNIT,2019/2020
362,32,JAWA BARAT,3271,KOTA BOGOR,RUSAK RINGAN,19,UNIT,2019/2020
363,32,JAWA BARAT,3271,KOTA BOGOR,RUSAK SEDANG,1,UNIT,2019/2020
364,32,JAWA BARAT,3271,KOTA BOGOR,RUSAK BERAT,0,UNIT,2019/2020
365,32,JAWA BARAT,3271,KOTA BOGOR,RUSAK TOTAL,0,UNIT,2019/2020
366,32,JAWA BARAT,3272,KOTA SUKABUMI,BAIK,3,UNIT,2019/2020
367,32,JAWA BARAT,3272,KOTA SUKABUMI,RUSAK RINGAN,9,UNIT,2019/2020
368,32,JAWA BARAT,3272,KOTA SUKABUMI,RUSAK SEDANG,0,UNIT,2019/2020
369,32,JAWA BARAT,3272,KOTA SUKABUMI,RUSAK BERAT,0,UNIT,2019/2020
370,32,JAWA BARAT,3272,KOTA SUKABUMI,RUSAK TOTAL,0,UNIT,2019/2020
371,32,JAWA BARAT,3273,KOTA BANDUNG,BAIK,60,UNIT,2019/2020
372,32,JAWA BARAT,3273,KOTA BANDUNG,RUSAK RINGAN,29,UNIT,2019/2020
373,32,JAWA BARAT,3273,KOTA BANDUNG,RUSAK SEDANG,2,UNIT,2019/2020
374,32,JAWA BARAT,3273,KOTA BANDUNG,RUSAK BERAT,0,UNIT,2019/2020
375,32,JAWA BARAT,3273,KOTA BANDUNG,RUSAK TOTAL,0,UNIT,2019/2020
376,32,JAWA BARAT,3274,KOTA CIREBON,BAIK,3,UNIT,2019/2020
377,32,JAWA BARAT,3274,KOTA CIREBON,RUSAK RINGAN,2,UNIT,2019/2020
378,32,JAWA BARAT,3274,KOTA CIREBON,RUSAK SEDANG,3,UNIT,2019/2020
379,32,JAWA BARAT,3274,KOTA CIREBON,RUSAK BERAT,1,UNIT,2019/2020
380,32,JAWA BARAT,3274,KOTA CIREBON,RUSAK TOTAL,0,UNIT,2019/2020
381,32,JAWA BARAT,3275,KOTA BEKASI,BAIK,24,UNIT,2019/2020
382,32,JAWA BARAT,3275,KOTA BEKASI,RUSAK RINGAN,27,UNIT,2019/2020
383,32,JAWA BARAT,3275,KOTA BEKASI,RUSAK SEDANG,1,UNIT,2019/2020
384,32,JAWA BARAT,3275,KOTA BEKASI,RUSAK BERAT,0,UNIT,2019/2020
385,32,JAWA BARAT,3275,KOTA BEKASI,RUSAK TOTAL,0,UNIT,2019/2020
386,32,JAWA BARAT,3276,KOTA DEPOK,BAIK,17,UNIT,2019/2020
387,32,JAWA BARAT,3276,KOTA DEPOK,RUSAK RINGAN,21,UNIT,2019/2020
388,32,JAWA BARAT,3276,KOTA DEPOK,RUSAK SEDANG,0,UNIT,2019/2020
389,32,JAWA BARAT,3276,KOTA DEPOK,RUSAK BERAT,3,UNIT,2019/2020
390,32,JAWA BARAT,3276,KOTA DEPOK,RUSAK TOTAL,0,UNIT,2019/2020
391,32,JAWA BARAT,3277,KOTA CIMAHI,BAIK,5,UNIT,2019/2020
392,32,JAWA BARAT,3277,KOTA CIMAHI,RUSAK RINGAN,3,UNIT,2019/2020
393,32,JAWA BARAT,3277,KOTA CIMAHI,RUSAK SEDANG,0,UNIT,2019/2020
394,32,JAWA BARAT,3277,KOTA CIMAHI,RUSAK BERAT,2,UNIT,2019/2020
395,32,JAWA BARAT,3277,KOTA CIMAHI,RUSAK TOTAL,0,UNIT,2019/2020
396,32,JAWA BARAT,3278,KOTA TASIKMALAYA,BAIK,10,UNIT,2019/2020
397,32,JAWA BARAT,3278,KOTA TASIKMALAYA,RUSAK RINGAN,5,UNIT,2019/2020
398,32,JAWA BARAT,3278,KOTA TASIKMALAYA,RUSAK SEDANG,0,UNIT,2019/2020
399,32,JAWA BARAT,3278,KOTA TASIKMALAYA,RUSAK BERAT,0,UNIT,2019/2020
400,32,JAWA BARAT,3278,KOTA TASIKMALAYA,RUSAK TOTAL,0,UNIT,2019/2020
401,32,JAWA BARAT,3279,KOTA BANJAR,BAIK,0,UNIT,2019/2020
402,32,JAWA BARAT,3279,KOTA BANJAR,RUSAK RINGAN,5,UNIT,2019/2020
403,32,JAWA BARAT,3279,KOTA BANJAR,RUSAK SEDANG,0,UNIT,2019/2020
404,32,JAWA BARAT,3279,KOTA BANJAR,RUSAK BERAT,0,UNIT,2019/2020
405,32,JAWA BARAT,3279,KOTA BANJAR,RUSAK TOTAL,0,UNIT,2019/2020
406,32,JAWA BARAT,3201,KABUPATEN BOGOR,BAIK,12,UNIT,2020/2021
407,32,JAWA BARAT,3201,KABUPATEN BOGOR,RUSAK RINGAN,17,UNIT,2020/2021
408,32,JAWA BARAT,3201,KABUPATEN BOGOR,RUSAK SEDANG,0,UNIT,2020/2021
409,32,JAWA BARAT,3201,KABUPATEN BOGOR,RUSAK BERAT,0,UNIT,2020/2021
410,32,JAWA BARAT,3201,KABUPATEN BOGOR,RUSAK TOTAL,0,UNIT,2020/2021
411,32,JAWA BARAT,3202,KABUPATEN SUKABUMI,BAIK,9,UNIT,2020/2021
412,32,JAWA BARAT,3202,KABUPATEN SUKABUMI,RUSAK RINGAN,17,UNIT,2020/2021
413,32,JAWA BARAT,3202,KABUPATEN SUKABUMI,RUSAK SEDANG,0,UNIT,2020/2021
414,32,JAWA BARAT,3202,KABUPATEN SUKABUMI,RUSAK BERAT,0,UNIT,2020/2021
415,32,JAWA BARAT,3202,KABUPATEN SUKABUMI,RUSAK TOTAL,0,UNIT,2020/2021
416,32,JAWA BARAT,3203,KABUPATEN CIANJUR,BAIK,10,UNIT,2020/2021
417,32,JAWA BARAT,3203,KABUPATEN CIANJUR,RUSAK RINGAN,10,UNIT,2020/2021
418,32,JAWA BARAT,3203,KABUPATEN CIANJUR,RUSAK SEDANG,0,UNIT,2020/2021
419,32,JAWA BARAT,3203,KABUPATEN CIANJUR,RUSAK BERAT,0,UNIT,2020/2021
420,32,JAWA BARAT,3203,KABUPATEN CIANJUR,RUSAK TOTAL,0,UNIT,2020/2021
421,32,JAWA BARAT,3204,KABUPATEN BANDUNG,BAIK,12,UNIT,2020/2021
422,32,JAWA BARAT,3204,KABUPATEN BANDUNG,RUSAK RINGAN,2,UNIT,2020/2021
423,32,JAWA BARAT,3204,KABUPATEN BANDUNG,RUSAK SEDANG,0,UNIT,2020/2021
424,32,JAWA BARAT,3204,KABUPATEN BANDUNG,RUSAK BERAT,0,UNIT,2020/2021
425,32,JAWA BARAT,3204,KABUPATEN BANDUNG,RUSAK TOTAL,0,UNIT,2020/2021
426,32,JAWA BARAT,3205,KABUPATEN GARUT,BAIK,8,UNIT,2020/2021
427,32,JAWA BARAT,3205,KABUPATEN GARUT,RUSAK RINGAN,14,UNIT,2020/2021
428,32,JAWA BARAT,3205,KABUPATEN GARUT,RUSAK SEDANG,0,UNIT,2020/2021
429,32,JAWA BARAT,3205,KABUPATEN GARUT,RUSAK BERAT,0,UNIT,2020/2021
430,32,JAWA BARAT,3205,KABUPATEN GARUT,RUSAK TOTAL,0,UNIT,2020/2021
431,32,JAWA BARAT,3206,KABUPATEN TASIKMALAYA,BAIK,8,UNIT,2020/2021
432,32,JAWA BARAT,3206,KABUPATEN TASIKMALAYA,RUSAK RINGAN,10,UNIT,2020/2021
433,32,JAWA BARAT,3206,KABUPATEN TASIKMALAYA,RUSAK SEDANG,0,UNIT,2020/2021
434,32,JAWA BARAT,3206,KABUPATEN TASIKMALAYA,RUSAK BERAT,0,UNIT,2020/2021
435,32,JAWA BARAT,3206,KABUPATEN TASIKMALAYA,RUSAK TOTAL,0,UNIT,2020/2021
436,32,JAWA BARAT,3207,KABUPATEN CIAMIS,BAIK,9,UNIT,2020/2021
437,32,JAWA BARAT,3207,KABUPATEN CIAMIS,RUSAK RINGAN,11,UNIT,2020/2021
438,32,JAWA BARAT,3207,KABUPATEN CIAMIS,RUSAK SEDANG,0,UNIT,2020/2021
439,32,JAWA BARAT,3207,KABUPATEN CIAMIS,RUSAK BERAT,0,UNIT,2020/2021
440,32,JAWA BARAT,3207,KABUPATEN CIAMIS,RUSAK TOTAL,0,UNIT,2020/2021
441,32,JAWA BARAT,3208,KABUPATEN KUNINGAN,BAIK,4,UNIT,2020/2021
442,32,JAWA BARAT,3208,KABUPATEN KUNINGAN,RUSAK RINGAN,2,UNIT,2020/2021
443,32,JAWA BARAT,3208,KABUPATEN KUNINGAN,RUSAK SEDANG,0,UNIT,2020/2021
444,32,JAWA BARAT,3208,KABUPATEN KUNINGAN,RUSAK BERAT,0,UNIT,2020/2021
445,32,JAWA BARAT,3208,KABUPATEN KUNINGAN,RUSAK TOTAL,0,UNIT,2020/2021
446,32,JAWA BARAT,3209,KABUPATEN CIREBON,BAIK,1,UNIT,2020/2021
447,32,JAWA BARAT,3209,KABUPATEN CIREBON,RUSAK RINGAN,8,UNIT,2020/2021
448,32,JAWA BARAT,3209,KABUPATEN CIREBON,RUSAK SEDANG,0,UNIT,2020/2021
449,32,JAWA BARAT,3209,KABUPATEN CIREBON,RUSAK BERAT,0,UNIT,2020/2021
450,32,JAWA BARAT,3209,KABUPATEN CIREBON,RUSAK TOTAL,0,UNIT,2020/2021
451,32,JAWA BARAT,3210,KABUPATEN MAJALENGKA,BAIK,7,UNIT,2020/2021
452,32,JAWA BARAT,3210,KABUPATEN MAJALENGKA,RUSAK RINGAN,5,UNIT,2020/2021
453,32,JAWA BARAT,3210,KABUPATEN MAJALENGKA,RUSAK SEDANG,0,UNIT,2020/2021
454,32,JAWA BARAT,3210,KABUPATEN MAJALENGKA,RUSAK BERAT,0,UNIT,2020/2021
455,32,JAWA BARAT,3210,KABUPATEN MAJALENGKA,RUSAK TOTAL,0,UNIT,2020/2021
456,32,JAWA BARAT,3211,KABUPATEN SUMEDANG,BAIK,7,UNIT,2020/2021
457,32,JAWA BARAT,3211,KABUPATEN SUMEDANG,RUSAK RINGAN,10,UNIT,2020/2021
458,32,JAWA BARAT,3211,KABUPATEN SUMEDANG,RUSAK SEDANG,0,UNIT,2020/2021
459,32,JAWA BARAT,3211,KABUPATEN SUMEDANG,RUSAK BERAT,0,UNIT,2020/2021
460,32,JAWA BARAT,3211,KABUPATEN SUMEDANG,RUSAK TOTAL,0,UNIT,2020/2021
461,32,JAWA BARAT,3212,KABUPATEN INDRAMAYU,BAIK,8,UNIT,2020/2021
462,32,JAWA BARAT,3212,KABUPATEN INDRAMAYU,RUSAK RINGAN,2,UNIT,2020/2021
463,32,JAWA BARAT,3212,KABUPATEN INDRAMAYU,RUSAK SEDANG,0,UNIT,2020/2021
464,32,JAWA BARAT,3212,KABUPATEN INDRAMAYU,RUSAK BERAT,0,UNIT,2020/2021
465,32,JAWA BARAT,3212,KABUPATEN INDRAMAYU,RUSAK TOTAL,0,UNIT,2020/2021
466,32,JAWA BARAT,3213,KABUPATEN SUBANG,BAIK,6,UNIT,2020/2021
467,32,JAWA BARAT,3213,KABUPATEN SUBANG,RUSAK RINGAN,8,UNIT,2020/2021
468,32,JAWA BARAT,3213,KABUPATEN SUBANG,RUSAK SEDANG,0,UNIT,2020/2021
469,32,JAWA BARAT,3213,KABUPATEN SUBANG,RUSAK BERAT,0,UNIT,2020/2021
470,32,JAWA BARAT,3213,KABUPATEN SUBANG,RUSAK TOTAL,0,UNIT,2020/2021
471,32,JAWA BARAT,3214,KABUPATEN PURWAKARTA,BAIK,0,UNIT,2020/2021
472,32,JAWA BARAT,3214,KABUPATEN PURWAKARTA,RUSAK RINGAN,1,UNIT,2020/2021
473,32,JAWA BARAT,3214,KABUPATEN PURWAKARTA,RUSAK SEDANG,0,UNIT,2020/2021
474,32,JAWA BARAT,3214,KABUPATEN PURWAKARTA,RUSAK BERAT,0,UNIT,2020/2021
475,32,JAWA BARAT,3214,KABUPATEN PURWAKARTA,RUSAK TOTAL,0,UNIT,2020/2021
476,32,JAWA BARAT,3215,KABUPATEN KARAWANG,BAIK,4,UNIT,2020/2021
477,32,JAWA BARAT,3215,KABUPATEN KARAWANG,RUSAK RINGAN,1,UNIT,2020/2021
478,32,JAWA BARAT,3215,KABUPATEN KARAWANG,RUSAK SEDANG,0,UNIT,2020/2021
479,32,JAWA BARAT,3215,KABUPATEN KARAWANG,RUSAK BERAT,0,UNIT,2020/2021
480,32,JAWA BARAT,3215,KABUPATEN KARAWANG,RUSAK TOTAL,0,UNIT,2020/2021
481,32,JAWA BARAT,3216,KABUPATEN BEKASI,BAIK,10,UNIT,2020/2021
482,32,JAWA BARAT,3216,KABUPATEN BEKASI,RUSAK RINGAN,5,UNIT,2020/2021
483,32,JAWA BARAT,3216,KABUPATEN BEKASI,RUSAK SEDANG,0,UNIT,2020/2021
484,32,JAWA BARAT,3216,KABUPATEN BEKASI,RUSAK BERAT,0,UNIT,2020/2021
485,32,JAWA BARAT,3216,KABUPATEN BEKASI,RUSAK TOTAL,0,UNIT,2020/2021
486,32,JAWA BARAT,3217,KABUPATEN BANDUNG BARAT,BAIK,6,UNIT,2020/2021
487,32,JAWA BARAT,3217,KABUPATEN BANDUNG BARAT,RUSAK RINGAN,1,UNIT,2020/2021
488,32,JAWA BARAT,3217,KABUPATEN BANDUNG BARAT,RUSAK SEDANG,0,UNIT,2020/2021
489,32,JAWA BARAT,3217,KABUPATEN BANDUNG BARAT,RUSAK BERAT,0,UNIT,2020/2021
490,32,JAWA BARAT,3217,KABUPATEN BANDUNG BARAT,RUSAK TOTAL,0,UNIT,2020/2021
491,32,JAWA BARAT,3218,KABUPATEN PANGANDARAN,BAIK,2,UNIT,2020/2021
492,32,JAWA BARAT,3218,KABUPATEN PANGANDARAN,RUSAK RINGAN,3,UNIT,2020/2021
493,32,JAWA BARAT,3218,KABUPATEN PANGANDARAN,RUSAK SEDANG,0,UNIT,2020/2021
494,32,JAWA BARAT,3218,KABUPATEN PANGANDARAN,RUSAK BERAT,0,UNIT,2020/2021
495,32,JAWA BARAT,3218,KABUPATEN PANGANDARAN,RUSAK TOTAL,0,UNIT,2020/2021
496,32,JAWA BARAT,3271,KOTA BOGOR,BAIK,3,UNIT,2020/2021
497,32,JAWA BARAT,3271,KOTA BOGOR,RUSAK RINGAN,3,UNIT,2020/2021
498,32,JAWA BARAT,3271,KOTA BOGOR,RUSAK SEDANG,0,UNIT,2020/2021
499,32,JAWA BARAT,3271,KOTA BOGOR,RUSAK BERAT,0,UNIT,2020/2021
500,32,JAWA BARAT,3271,KOTA BOGOR,RUSAK TOTAL,0,UNIT,2020/2021
501,32,JAWA BARAT,3272,KOTA SUKABUMI,BAIK,4,UNIT,2020/2021
502,32,JAWA BARAT,3272,KOTA SUKABUMI,RUSAK RINGAN,2,UNIT,2020/2021
503,32,JAWA BARAT,3272,KOTA SUKABUMI,RUSAK SEDANG,0,UNIT,2020/2021
504,32,JAWA BARAT,3272,KOTA SUKABUMI,RUSAK BERAT,0,UNIT,2020/2021
505,32,JAWA BARAT,3272,KOTA SUKABUMI,RUSAK TOTAL,0,UNIT,2020/2021
506,32,JAWA BARAT,3273,KOTA BANDUNG,BAIK,16,UNIT,2020/2021
507,32,JAWA BARAT,3273,KOTA BANDUNG,RUSAK RINGAN,7,UNIT,2020/2021
508,32,JAWA BARAT,3273,KOTA BANDUNG,RUSAK SEDANG,0,UNIT,2020/2021
509,32,JAWA BARAT,3273,KOTA BANDUNG,RUSAK BERAT,0,UNIT,2020/2021
510,32,JAWA BARAT,3273,KOTA BANDUNG,RUSAK TOTAL,0,UNIT,2020/2021
511,32,JAWA BARAT,3274,KOTA CIREBON,BAIK,2,UNIT,2020/2021
512,32,JAWA BARAT,3274,KOTA CIREBON,RUSAK RINGAN,3,UNIT,2020/2021
513,32,JAWA BARAT,3274,KOTA CIREBON,RUSAK SEDANG,0,UNIT,2020/2021
514,32,JAWA BARAT,3274,KOTA CIREBON,RUSAK BERAT,0,UNIT,2020/2021
515,32,JAWA BARAT,3274,KOTA CIREBON,RUSAK TOTAL,0,UNIT,2020/2021
516,32,JAWA BARAT,3275,KOTA BEKASI,BAIK,8,UNIT,2020/2021
517,32,JAWA BARAT,3275,KOTA BEKASI,RUSAK RINGAN,10,UNIT,2020/2021
518,32,JAWA BARAT,3275,KOTA BEKASI,RUSAK SEDANG,0,UNIT,2020/2021
519,32,JAWA BARAT,3275,KOTA BEKASI,RUSAK BERAT,0,UNIT,2020/2021
520,32,JAWA BARAT,3275,KOTA BEKASI,RUSAK TOTAL,0,UNIT,2020/2021
521,32,JAWA BARAT,3276,KOTA DEPOK,BAIK,13,UNIT,2020/2021
522,32,JAWA BARAT,3276,KOTA DEPOK,RUSAK RINGAN,5,UNIT,2020/2021
523,32,JAWA BARAT,3276,KOTA DEPOK,RUSAK SEDANG,0,UNIT,2020/2021
524,32,JAWA BARAT,3276,KOTA DEPOK,RUSAK BERAT,0,UNIT,2020/2021
525,32,JAWA BARAT,3276,KOTA DEPOK,RUSAK TOTAL,0,UNIT,2020/2021
526,32,JAWA BARAT,3277,KOTA CIMAHI,BAIK,0,UNIT,2020/2021
527,32,JAWA BARAT,3277,KOTA CIMAHI,RUSAK RINGAN,0,UNIT,2020/2021
528,32,JAWA BARAT,3277,KOTA CIMAHI,RUSAK SEDANG,0,UNIT,2020/2021
529,32,JAWA BARAT,3277,KOTA CIMAHI,RUSAK BERAT,0,UNIT,2020/2021
530,32,JAWA BARAT,3277,KOTA CIMAHI,RUSAK TOTAL,0,UNIT,2020/2021
531,32,JAWA BARAT,3278,KOTA TASIKMALAYA,BAIK,1,UNIT,2020/2021
532,32,JAWA BARAT,3278,KOTA TASIKMALAYA,RUSAK RINGAN,1,UNIT,2020/2021
533,32,JAWA BARAT,3278,KOTA TASIKMALAYA,RUSAK SEDANG,0,UNIT,2020/2021
534,32,JAWA BARAT,3278,KOTA TASIKMALAYA,RUSAK BERAT,0,UNIT,2020/2021
535,32,JAWA BARAT,3278,KOTA TASIKMALAYA,RUSAK TOTAL,0,UNIT,2020/2021
536,32,JAWA BARAT,3279,KOTA BANJAR,BAIK,1,UNIT,2020/2021
537,32,JAWA BARAT,3279,KOTA BANJAR,RUSAK RINGAN,0,UNIT,2020/2021
538,32,JAWA BARAT,3279,KOTA BANJAR,RUSAK SEDANG,0,UNIT,2020/2021
539,32,JAWA BARAT,3279,KOTA BANJAR,RUSAK BERAT,0,UNIT,2020/2021
540,32,JAWA BARAT,3279,KOTA BANJAR,RUSAK TOTAL,0,UNIT,2020/2021
541,32,JAWA BARAT,3201,KABUPATEN BOGOR,BAIK,21,UNIT,2023/2024
542,32,JAWA BARAT,3201,KABUPATEN BOGOR,RUSAK RINGAN,10,UNIT,2023/2024
543,32,JAWA BARAT,3201,KABUPATEN BOGOR,RUSAK SEDANG,2,UNIT,2023/2024
544,32,JAWA BARAT,3201,KABUPATEN BOGOR,RUSAK BERAT,1,UNIT,2023/2024
545,32,JAWA BARAT,3201,KABUPATEN BOGOR,RUSAK TOTAL,0,UNIT,2023/2024
546,32,JAWA BARAT,3202,KABUPATEN SUKABUMI,BAIK,16,UNIT,2023/2024
547,32,JAWA BARAT,3202,KABUPATEN SUKABUMI,RUSAK RINGAN,10,UNIT,2023/2024
548,32,JAWA BARAT,3202,KABUPATEN SUKABUMI,RUSAK SEDANG,2,UNIT,2023/2024
549,32,JAWA BARAT,3202,KABUPATEN SUKABUMI,RUSAK BERAT,0,UNIT,2023/2024
550,32,JAWA BARAT,3202,KABUPATEN SUKABUMI,RUSAK TOTAL,0,UNIT,2023/2024
551,32,JAWA BARAT,3203,KABUPATEN CIANJUR,BAIK,12,UNIT,2023/2024
552,32,JAWA BARAT,3203,KABUPATEN CIANJUR,RUSAK RINGAN,3,UNIT,2023/2024
553,32,JAWA BARAT,3203,KABUPATEN CIANJUR,RUSAK SEDANG,2,UNIT,2023/2024
554,32,JAWA BARAT,3203,KABUPATEN CIANJUR,RUSAK BERAT,1,UNIT,2023/2024
555,32,JAWA BARAT,3203,KABUPATEN CIANJUR,RUSAK TOTAL,0,UNIT,2023/2024
556,32,JAWA BARAT,3204,KABUPATEN BANDUNG,BAIK,11,UNIT,2023/2024
557,32,JAWA BARAT,3204,KABUPATEN BANDUNG,RUSAK RINGAN,2,UNIT,2023/2024
558,32,JAWA BARAT,3204,KABUPATEN BANDUNG,RUSAK SEDANG,1,UNIT,2023/2024
559,32,JAWA BARAT,3204,KABUPATEN BANDUNG,RUSAK BERAT,0,UNIT,2023/2024
560,32,JAWA BARAT,3204,KABUPATEN BANDUNG,RUSAK TOTAL,0,UNIT,2023/2024
561,32,JAWA BARAT,3205,KABUPATEN GARUT,BAIK,8,UNIT,2023/2024
562,32,JAWA BARAT,3205,KABUPATEN GARUT,RUSAK RINGAN,11,UNIT,2023/2024
563,32,JAWA BARAT,3205,KABUPATEN GARUT,RUSAK SEDANG,4,UNIT,2023/2024
564,32,JAWA BARAT,3205,KABUPATEN GARUT,RUSAK BERAT,0,UNIT,2023/2024
565,32,JAWA BARAT,3205,KABUPATEN GARUT,RUSAK TOTAL,0,UNIT,2023/2024
566,32,JAWA BARAT,3206,KABUPATEN TASIKMALAYA,BAIK,17,UNIT,2023/2024
567,32,JAWA BARAT,3206,KABUPATEN TASIKMALAYA,RUSAK RINGAN,2,UNIT,2023/2024
568,32,JAWA BARAT,3206,KABUPATEN TASIKMALAYA,RUSAK SEDANG,2,UNIT,2023/2024
569,32,JAWA BARAT,3206,KABUPATEN TASIKMALAYA,RUSAK BERAT,0,UNIT,2023/2024
570,32,JAWA BARAT,3206,KABUPATEN TASIKMALAYA,RUSAK TOTAL,0,UNIT,2023/2024
571,32,JAWA BARAT,3207,KABUPATEN CIAMIS,BAIK,13,UNIT,2023/2024
572,32,JAWA BARAT,3207,KABUPATEN CIAMIS,RUSAK RINGAN,6,UNIT,2023/2024
573,32,JAWA BARAT,3207,KABUPATEN CIAMIS,RUSAK SEDANG,2,UNIT,2023/2024
574,32,JAWA BARAT,3207,KABUPATEN CIAMIS,RUSAK BERAT,0,UNIT,2023/2024
575,32,JAWA BARAT,3207,KABUPATEN CIAMIS,RUSAK TOTAL,0,UNIT,2023/2024
576,32,JAWA BARAT,3208,KABUPATEN KUNINGAN,BAIK,4,UNIT,2023/2024
577,32,JAWA BARAT,3208,KABUPATEN KUNINGAN,RUSAK RINGAN,1,UNIT,2023/2024
578,32,JAWA BARAT,3208,KABUPATEN KUNINGAN,RUSAK SEDANG,0,UNIT,2023/2024
579,32,JAWA BARAT,3208,KABUPATEN KUNINGAN,RUSAK BERAT,0,UNIT,2023/2024
580,32,JAWA BARAT,3208,KABUPATEN KUNINGAN,RUSAK TOTAL,0,UNIT,2023/2024
581,32,JAWA BARAT,3209,KABUPATEN CIREBON,BAIK,6,UNIT,2023/2024
582,32,JAWA BARAT,3209,KABUPATEN CIREBON,RUSAK RINGAN,7,UNIT,2023/2024
583,32,JAWA BARAT,3209,KABUPATEN CIREBON,RUSAK SEDANG,0,UNIT,2023/2024
584,32,JAWA BARAT,3209,KABUPATEN CIREBON,RUSAK BERAT,1,UNIT,2023/2024
585,32,JAWA BARAT,3209,KABUPATEN CIREBON,RUSAK TOTAL,0,UNIT,2023/2024
586,32,JAWA BARAT,3210,KABUPATEN MAJALENGKA,BAIK,8,UNIT,2023/2024
587,32,JAWA BARAT,3210,KABUPATEN MAJALENGKA,RUSAK RINGAN,2,UNIT,2023/2024
588,32,JAWA BARAT,3210,KABUPATEN MAJALENGKA,RUSAK SEDANG,1,UNIT,2023/2024
589,32,JAWA BARAT,3210,KABUPATEN MAJALENGKA,RUSAK BERAT,1,UNIT,2023/2024
590,32,JAWA BARAT,3210,KABUPATEN MAJALENGKA,RUSAK TOTAL,0,UNIT,2023/2024
591,32,JAWA BARAT,3211,KABUPATEN SUMEDANG,BAIK,8,UNIT,2023/2024
592,32,JAWA BARAT,3211,KABUPATEN SUMEDANG,RUSAK RINGAN,5,UNIT,2023/2024
593,32,JAWA BARAT,3211,KABUPATEN SUMEDANG,RUSAK SEDANG,4,UNIT,2023/2024
594,32,JAWA BARAT,3211,KABUPATEN SUMEDANG,RUSAK BERAT,0,UNIT,2023/2024
595,32,JAWA BARAT,3211,KABUPATEN SUMEDANG,RUSAK TOTAL,0,UNIT,2023/2024
596,32,JAWA BARAT,3212,KABUPATEN INDRAMAYU,BAIK,7,UNIT,2023/2024
597,32,JAWA BARAT,3212,KABUPATEN INDRAMAYU,RUSAK RINGAN,2,UNIT,2023/2024
598,32,JAWA BARAT,3212,KABUPATEN INDRAMAYU,RUSAK SEDANG,3,UNIT,2023/2024
599,32,JAWA BARAT,3212,KABUPATEN INDRAMAYU,RUSAK BERAT,3,UNIT,2023/2024
600,32,JAWA BARAT,3212,KABUPATEN INDRAMAYU,RUSAK TOTAL,0,UNIT,2023/2024
601,32,JAWA BARAT,3213,KABUPATEN SUBANG,BAIK,10,UNIT,2023/2024
602,32,JAWA BARAT,3213,KABUPATEN SUBANG,RUSAK RINGAN,4,UNIT,2023/2024
603,32,JAWA BARAT,3213,KABUPATEN SUBANG,RUSAK SEDANG,0,UNIT,2023/2024
604,32,JAWA BARAT,3213,KABUPATEN SUBANG,RUSAK BERAT,1,UNIT,2023/2024
605,32,JAWA BARAT,3213,KABUPATEN SUBANG,RUSAK TOTAL,0,UNIT,2023/2024
606,32,JAWA BARAT,3214,KABUPATEN PURWAKARTA,BAIK,4,UNIT,2023/2024
607,32,JAWA BARAT,3214,KABUPATEN PURWAKARTA,RUSAK RINGAN,1,UNIT,2023/2024
608,32,JAWA BARAT,3214,KABUPATEN PURWAKARTA,RUSAK SEDANG,0,UNIT,2023/2024
609,32,JAWA BARAT,3214,KABUPATEN PURWAKARTA,RUSAK BERAT,0,UNIT,2023/2024
610,32,JAWA BARAT,3214,KABUPATEN PURWAKARTA,RUSAK TOTAL,0,UNIT,2023/2024
611,32,JAWA BARAT,3215,KABUPATEN KARAWANG,BAIK,3,UNIT,2023/2024
612,32,JAWA BARAT,3215,KABUPATEN KARAWANG,RUSAK RINGAN,2,UNIT,2023/2024
613,32,JAWA BARAT,3215,KABUPATEN KARAWANG,RUSAK SEDANG,0,UNIT,2023/2024
614,32,JAWA BARAT,3215,KABUPATEN KARAWANG,RUSAK BERAT,0,UNIT,2023/2024
615,32,JAWA BARAT,3215,KABUPATEN KARAWANG,RUSAK TOTAL,0,UNIT,2023/2024
616,32,JAWA BARAT,3216,KABUPATEN BEKASI,BAIK,17,UNIT,2023/2024
617,32,JAWA BARAT,3216,KABUPATEN BEKASI,RUSAK RINGAN,4,UNIT,2023/2024
618,32,JAWA BARAT,3216,KABUPATEN BEKASI,RUSAK SEDANG,1,UNIT,2023/2024
619,32,JAWA BARAT,3216,KABUPATEN BEKASI,RUSAK BERAT,1,UNIT,2023/2024
620,32,JAWA BARAT,3216,KABUPATEN BEKASI,RUSAK TOTAL,0,UNIT,2023/2024
621,32,JAWA BARAT,3217,KABUPATEN BANDUNG BARAT,BAIK,5,UNIT,2023/2024
622,32,JAWA BARAT,3217,KABUPATEN BANDUNG BARAT,RUSAK RINGAN,5,UNIT,2023/2024
623,32,JAWA BARAT,3217,KABUPATEN BANDUNG BARAT,RUSAK SEDANG,1,UNIT,2023/2024
624,32,JAWA BARAT,3217,KABUPATEN BANDUNG BARAT,RUSAK BERAT,2,UNIT,2023/2024
625,32,JAWA BARAT,3217,KABUPATEN BANDUNG BARAT,RUSAK TOTAL,0,UNIT,2023/2024
626,32,JAWA BARAT,3218,KABUPATEN PANGANDARAN,BAIK,2,UNIT,2023/2024
627,32,JAWA BARAT,3218,KABUPATEN PANGANDARAN,RUSAK RINGAN,0,UNIT,2023/2024
628,32,JAWA BARAT,3218,KABUPATEN PANGANDARAN,RUSAK SEDANG,1,UNIT,2023/2024
629,32,JAWA BARAT,3218,KABUPATEN PANGANDARAN,RUSAK BERAT,1,UNIT,2023/2024
630,32,JAWA BARAT,3218,KABUPATEN PANGANDARAN,RUSAK TOTAL,0,UNIT,2023/2024
631,32,JAWA BARAT,3271,KOTA BOGOR,BAIK,3,UNIT,2023/2024
632,32,JAWA BARAT,3271,KOTA BOGOR,RUSAK RINGAN,2,UNIT,2023/2024
633,32,JAWA BARAT,3271,KOTA BOGOR,RUSAK SEDANG,0,UNIT,2023/2024
634,32,JAWA BARAT,3271,KOTA BOGOR,RUSAK BERAT,0,UNIT,2023/2024
635,32,JAWA BARAT,3271,KOTA BOGOR,RUSAK TOTAL,0,UNIT,2023/2024
636,32,JAWA BARAT,3272,KOTA SUKABUMI,BAIK,6,UNIT,2023/2024
637,32,JAWA BARAT,3272,KOTA SUKABUMI,RUSAK RINGAN,1,UNIT,2023/2024
638,32,JAWA BARAT,3272,KOTA SUKABUMI,RUSAK SEDANG,0,UNIT,2023/2024
639,32,JAWA BARAT,3272,KOTA SUKABUMI,RUSAK BERAT,0,UNIT,2023/2024
640,32,JAWA BARAT,3272,KOTA SUKABUMI,RUSAK TOTAL,0,UNIT,2023/2024
641,32,JAWA BARAT,3273,KOTA BANDUNG,BAIK,21,UNIT,2023/2024
642,32,JAWA BARAT,3273,KOTA BANDUNG,RUSAK RINGAN,7,UNIT,2023/2024
643,32,JAWA BARAT,3273,KOTA BANDUNG,RUSAK SEDANG,2,UNIT,2023/2024
644,32,JAWA BARAT,3273,KOTA BANDUNG,RUSAK BERAT,3,UNIT,2023/2024
645,32,JAWA BARAT,3273,KOTA BANDUNG,RUSAK TOTAL,0,UNIT,2023/2024
646,32,JAWA BARAT,3274,KOTA CIREBON,BAIK,6,UNIT,2023/2024
647,32,JAWA BARAT,3274,KOTA CIREBON,RUSAK RINGAN,1,UNIT,2023/2024
648,32,JAWA BARAT,3274,KOTA CIREBON,RUSAK SEDANG,0,UNIT,2023/2024
649,32,JAWA BARAT,3274,KOTA CIREBON,RUSAK BERAT,2,UNIT,2023/2024
650,32,JAWA BARAT,3274,KOTA CIREBON,RUSAK TOTAL,0,UNIT,2023/2024
651,32,JAWA BARAT,3275,KOTA BEKASI,BAIK,16,UNIT,2023/2024
652,32,JAWA BARAT,3275,KOTA BEKASI,RUSAK RINGAN,6,UNIT,2023/2024
653,32,JAWA BARAT,3275,KOTA BEKASI,RUSAK SEDANG,0,UNIT,2023/2024
654,32,JAWA BARAT,3275,KOTA BEKASI,RUSAK BERAT,0,UNIT,2023/2024
655,32,JAWA BARAT,3275,KOTA BEKASI,RUSAK TOTAL,0,UNIT,2023/2024
656,32,JAWA BARAT,3276,KOTA DEPOK,BAIK,18,UNIT,2023/2024
657,32,JAWA BARAT,3276,KOTA DEPOK,RUSAK RINGAN,5,UNIT,2023/2024
658,32,JAWA BARAT,3276,KOTA DEPOK,RUSAK SEDANG,2,UNIT,2023/2024
659,32,JAWA BARAT,3276,KOTA DEPOK,RUSAK BERAT,0,UNIT,2023/2024
660,32,JAWA BARAT,3276,KOTA DEPOK,RUSAK TOTAL,0,UNIT,2023/2024
661,32,JAWA BARAT,3277,KOTA CIMAHI,BAIK,3,UNIT,2023/2024
662,32,JAWA BARAT,3277,KOTA CIMAHI,RUSAK RINGAN,0,UNIT,2023/2024
663,32,JAWA BARAT,3277,KOTA CIMAHI,RUSAK SEDANG,0,UNIT,2023/2024
664,32,JAWA BARAT,3277,KOTA CIMAHI,RUSAK BERAT,0,UNIT,2023/2024
665,32,JAWA BARAT,3277,KOTA CIMAHI,RUSAK TOTAL,0,UNIT,2023/2024
666,32,JAWA BARAT,3278,KOTA TASIKMALAYA,BAIK,4,UNIT,2023/2024
667,32,JAWA BARAT,3278,KOTA TASIKMALAYA,RUSAK RINGAN,5,UNIT,2023/2024
668,32,JAWA BARAT,3278,KOTA TASIKMALAYA,RUSAK SEDANG,0,UNIT,2023/2024
669,32,JAWA BARAT,3278,KOTA TASIKMALAYA,RUSAK BERAT,0,UNIT,2023/2024
670,32,JAWA BARAT,3278,KOTA TASIKMALAYA,RUSAK TOTAL,0,UNIT,2023/2024
671,32,JAWA BARAT,3279,KOTA BANJAR,BAIK,1,UNIT,2023/2024
672,32,JAWA BARAT,3279,KOTA BANJAR,RUSAK RINGAN,0,UNIT,2023/2024
673,32,JAWA BARAT,3279,KOTA BANJAR,RUSAK SEDANG,0,UNIT,2023/2024
674,32,JAWA BARAT,3279,KOTA BANJAR,RUSAK BERAT,0,UNIT,2023/2024
675,32,JAWA BARAT,3279,KOTA BANJAR,RUSAK TOTAL,0,UNIT,2023/2024
676,32,JAWA BARAT,3201,KABUPATEN BOGOR,BAIK,21,UNIT,2024/2025
677,32,JAWA BARAT,3201,KABUPATEN BOGOR,RUSAK RINGAN,10,UNIT,2024/2025
678,32,JAWA BARAT,3201,KABUPATEN BOGOR,RUSAK SEDANG,2,UNIT,2024/2025
679,32,JAWA BARAT,3201,KABUPATEN BOGOR,RUSAK BERAT,1,UNIT,2024/2025
680,32,JAWA BARAT,3201,KABUPATEN BOGOR,RUSAK TOTAL,0,UNIT,2024/2025
681,32,JAWA BARAT,3202,KABUPATEN SUKABUMI,BAIK,16,UNIT,2024/2025
682,32,JAWA BARAT,3202,KABUPATEN SUKABUMI,RUSAK RINGAN,10,UNIT,2024/2025
683,32,JAWA BARAT,3202,KABUPATEN SUKABUMI,RUSAK SEDANG,2,UNIT,2024/2025
684,32,JAWA BARAT,3202,KABUPATEN SUKABUMI,RUSAK BERAT,0,UNIT,2024/2025
685,32,JAWA BARAT,3202,KABUPATEN SUKABUMI,RUSAK TOTAL,0,UNIT,2024/2025
686,32,JAWA BARAT,3203,KABUPATEN CIANJUR,BAIK,12,UNIT,2024/2025
687,32,JAWA BARAT,3203,KABUPATEN CIANJUR,RUSAK RINGAN,3,UNIT,2024/2025
688,32,JAWA BARAT,3203,KABUPATEN CIANJUR,RUSAK SEDANG,2,UNIT,2024/2025
689,32,JAWA BARAT,3203,KABUPATEN CIANJUR,RUSAK BERAT,1,UNIT,2024/2025
690,32,JAWA BARAT,3203,KABUPATEN CIANJUR,RUSAK TOTAL,0,UNIT,2024/2025
691,32,JAWA BARAT,3204,KABUPATEN BANDUNG,BAIK,11,UNIT,2024/2025
692,32,JAWA BARAT,3204,KABUPATEN BANDUNG,RUSAK RINGAN,2,UNIT,2024/2025
693,32,JAWA BARAT,3204,KABUPATEN BANDUNG,RUSAK SEDANG,1,UNIT,2024/2025
694,32,JAWA BARAT,3204,KABUPATEN BANDUNG,RUSAK BERAT,0,UNIT,2024/2025
695,32,JAWA BARAT,3204,KABUPATEN BANDUNG,RUSAK TOTAL,0,UNIT,2024/2025
696,32,JAWA BARAT,3205,KABUPATEN GARUT,BAIK,8,UNIT,2024/2025
697,32,JAWA BARAT,3205,KABUPATEN GARUT,RUSAK RINGAN,11,UNIT,2024/2025
698,32,JAWA BARAT,3205,KABUPATEN GARUT,RUSAK SEDANG,4,UNIT,2024/2025
699,32,JAWA BARAT,3205,KABUPATEN GARUT,RUSAK BERAT,0,UNIT,2024/2025
700,32,JAWA BARAT,3205,KABUPATEN GARUT,RUSAK TOTAL,0,UNIT,2024/2025
701,32,JAWA BARAT,3206,KABUPATEN TASIKMALAYA,BAIK,17,UNIT,2024/2025
702,32,JAWA BARAT,3206,KABUPATEN TASIKMALAYA,RUSAK RINGAN,2,UNIT,2024/2025
703,32,JAWA BARAT,3206,KABUPATEN TASIKMALAYA,RUSAK SEDANG,2,UNIT,2024/2025
704,32,JAWA BARAT,3206,KABUPATEN TASIKMALAYA,RUSAK BERAT,0,UNIT,2024/2025
705,32,JAWA BARAT,3206,KABUPATEN TASIKMALAYA,RUSAK TOTAL,0,UNIT,2024/2025
706,32,JAWA BARAT,3207,KABUPATEN CIAMIS,BAIK,13,UNIT,2024/2025
707,32,JAWA BARAT,3207,KABUPATEN CIAMIS,RUSAK RINGAN,6,UNIT,2024/2025
708,32,JAWA BARAT,3207,KABUPATEN CIAMIS,RUSAK SEDANG,2,UNIT,2024/2025
709,32,JAWA BARAT,3207,KABUPATEN CIAMIS,RUSAK BERAT,0,UNIT,2024/2025
710,32,JAWA BARAT,3207,KABUPATEN CIAMIS,RUSAK TOTAL,0,UNIT,2024/2025
711,32,JAWA BARAT,3208,KABUPATEN KUNINGAN,BAIK,4,UNIT,2024/2025
712,32,JAWA BARAT,3208,KABUPATEN KUNINGAN,RUSAK RINGAN,1,UNIT,2024/2025
713,32,JAWA BARAT,3208,KABUPATEN KUNINGAN,RUSAK SEDANG,0,UNIT,2024/2025
714,32,JAWA BARAT,3208,KABUPATEN KUNINGAN,RUSAK BERAT,0,UNIT,2024/2025
715,32,JAWA BARAT,3208,KABUPATEN KUNINGAN,RUSAK TOTAL,0,UNIT,2024/2025
716,32,JAWA BARAT,3209,KABUPATEN CIREBON,BAIK,6,UNIT,2024/2025
717,32,JAWA BARAT,3209,KABUPATEN CIREBON,RUSAK RINGAN,7,UNIT,2024/2025
718,32,JAWA BARAT,3209,KABUPATEN CIREBON,RUSAK SEDANG,0,UNIT,2024/2025
719,32,JAWA BARAT,3209,KABUPATEN CIREBON,RUSAK BERAT,1,UNIT,2024/2025
720,32,JAWA BARAT,3209,KABUPATEN CIREBON,RUSAK TOTAL,0,UNIT,2024/2025
721,32,JAWA BARAT,3210,KABUPATEN MAJALENGKA,BAIK,8,UNIT,2024/2025
722,32,JAWA BARAT,3210,KABUPATEN MAJALENGKA,RUSAK RINGAN,2,UNIT,2024/2025
723,32,JAWA BARAT,3210,KABUPATEN MAJALENGKA,RUSAK SEDANG,1,UNIT,2024/2025
724,32,JAWA BARAT,3210,KABUPATEN MAJALENGKA,RUSAK BERAT,1,UNIT,2024/2025
725,32,JAWA BARAT,3210,KABUPATEN MAJALENGKA,RUSAK TOTAL,0,UNIT,2024/2025
726,32,JAWA BARAT,3211,KABUPATEN SUMEDANG,BAIK,8,UNIT,2024/2025
727,32,JAWA BARAT,3211,KABUPATEN SUMEDANG,RUSAK RINGAN,5,UNIT,2024/2025
728,32,JAWA BARAT,3211,KABUPATEN SUMEDANG,RUSAK SEDANG,4,UNIT,2024/2025
729,32,JAWA BARAT,3211,KABUPATEN SUMEDANG,RUSAK BERAT,0,UNIT,2024/2025
730,32,JAWA BARAT,3211,KABUPATEN SUMEDANG,RUSAK TOTAL,0,UNIT,2024/2025
731,32,JAWA BARAT,3212,KABUPATEN INDRAMAYU,BAIK,7,UNIT,2024/2025
732,32,JAWA BARAT,3212,KABUPATEN INDRAMAYU,RUSAK RINGAN,2,UNIT,2024/2025
733,32,JAWA BARAT,3212,KABUPATEN INDRAMAYU,RUSAK SEDANG,3,UNIT,2024/2025
734,32,JAWA BARAT,3212,KABUPATEN INDRAMAYU,RUSAK BERAT,3,UNIT,2024/2025
735,32,JAWA BARAT,3212,KABUPATEN INDRAMAYU,RUSAK TOTAL,0,UNIT,2024/2025
736,32,JAWA BARAT,3213,KABUPATEN SUBANG,BAIK,10,UNIT,2024/2025
737,32,JAWA BARAT,3213,KABUPATEN SUBANG,RUSAK RINGAN,4,UNIT,2024/2025
738,32,JAWA BARAT,3213,KABUPATEN SUBANG,RUSAK SEDANG,0,UNIT,2024/2025
739,32,JAWA BARAT,3213,KABUPATEN SUBANG,RUSAK BERAT,1,UNIT,2024/2025
740,32,JAWA BARAT,3213,KABUPATEN SUBANG,RUSAK TOTAL,0,UNIT,2024/2025
741,32,JAWA BARAT,3214,KABUPATEN PURWAKARTA,BAIK,4,UNIT,2024/2025
742,32,JAWA BARAT,3214,KABUPATEN PURWAKARTA,RUSAK RINGAN,1,UNIT,2024/2025
743,32,JAWA BARAT,3214,KABUPATEN PURWAKARTA,RUSAK SEDANG,0,UNIT,2024/2025
744,32,JAWA BARAT,3214,KABUPATEN PURWAKARTA,RUSAK BERAT,0,UNIT,2024/2025
745,32,JAWA BARAT,3214,KABUPATEN PURWAKARTA,RUSAK TOTAL,0,UNIT,2024/2025
746,32,JAWA BARAT,3215,KABUPATEN KARAWANG,BAIK,3,UNIT,2024/2025
747,32,JAWA BARAT,3215,KABUPATEN KARAWANG,RUSAK RINGAN,2,UNIT,2024/2025
748,32,JAWA BARAT,3215,KABUPATEN KARAWANG,RUSAK SEDANG,0,UNIT,2024/2025
749,32,JAWA BARAT,3215,KABUPATEN KARAWANG,RUSAK BERAT,0,UNIT,2024/2025
750,32,JAWA BARAT,3215,KABUPATEN KARAWANG,RUSAK TOTAL,0,UNIT,2024/2025
751,32,JAWA BARAT,3216,KABUPATEN BEKASI,BAIK,17,UNIT,2024/2025
752,32,JAWA BARAT,3216,KABUPATEN BEKASI,RUSAK RINGAN,4,UNIT,2024/2025
753,32,JAWA BARAT,3216,KABUPATEN BEKASI,RUSAK SEDANG,1,UNIT,2024/2025
754,32,JAWA BARAT,3216,KABUPATEN BEKASI,RUSAK BERAT,1,UNIT,2024/2025
755,32,JAWA BARAT,3216,KABUPATEN BEKASI,RUSAK TOTAL,0,UNIT,2024/2025
756,32,JAWA BARAT,3217,KABUPATEN BANDUNG BARAT,BAIK,5,UNIT,2024/2025
757,32,JAWA BARAT,3217,KABUPATEN BANDUNG BARAT,RUSAK RINGAN,5,UNIT,2024/2025
758,32,JAWA BARAT,3217,KABUPATEN BANDUNG BARAT,RUSAK SEDANG,1,UNIT,2024/2025
759,32,JAWA BARAT,3217,KABUPATEN BANDUNG BARAT,RUSAK BERAT,2,UNIT,2024/2025
760,32,JAWA BARAT,3217,KABUPATEN BANDUNG BARAT,RUSAK TOTAL,0,UNIT,2024/2025
761,32,JAWA BARAT,3218,KABUPATEN PANGANDARAN,BAIK,2,UNIT,2024/2025
762,32,JAWA BARAT,3218,KABUPATEN PANGANDARAN,RUSAK RINGAN,0,UNIT,2024/2025
763,32,JAWA BARAT,3218,KABUPATEN PANGANDARAN,RUSAK SEDANG,1,UNIT,2024/2025
764,32,JAWA BARAT,3218,KABUPATEN PANGANDARAN,RUSAK BERAT,1,UNIT,2024/2025
765,32,JAWA BARAT,3218,KABUPATEN PANGANDARAN,RUSAK TOTAL,0,UNIT,2024/2025
766,32,JAWA BARAT,3271,KOTA BOGOR,BAIK,3,UNIT,2024/2025
767,32,JAWA BARAT,3271,KOTA BOGOR,RUSAK RINGAN,2,UNIT,2024/2025
768,32,JAWA BARAT,3271,KOTA BOGOR,RUSAK SEDANG,0,UNIT,2024/2025
769,32,JAWA BARAT,3271,KOTA BOGOR,RUSAK BERAT,0,UNIT,2024/2025
770,32,JAWA BARAT,3271,KOTA BOGOR,RUSAK TOTAL,0,UNIT,2024/2025
771,32,JAWA BARAT,3272,KOTA SUKABUMI,BAIK,6,UNIT,2024/2025
772,32,JAWA BARAT,3272,KOTA SUKABUMI,RUSAK RINGAN,1,UNIT,2024/2025
773,32,JAWA BARAT,3272,KOTA SUKABUMI,RUSAK SEDANG,0,UNIT,2024/2025
774,32,JAWA BARAT,3272,KOTA SUKABUMI,RUSAK BERAT,0,UNIT,2024/2025
775,32,JAWA BARAT,3272,KOTA SUKABUMI,RUSAK TOTAL,0,UNIT,2024/2025
776,32,JAWA BARAT,3273,KOTA BANDUNG,BAIK,21,UNIT,2024/2025
777,32,JAWA BARAT,3273,KOTA BANDUNG,RUSAK RINGAN,7,UNIT,2024/2025
778,32,JAWA BARAT,3273,KOTA BANDUNG,RUSAK SEDANG,2,UNIT,2024/2025
779,32,JAWA BARAT,3273,KOTA BANDUNG,RUSAK BERAT,3,UNIT,2024/2025
780,32,JAWA BARAT,3273,KOTA BANDUNG,RUSAK TOTAL,0,UNIT,2024/2025
781,32,JAWA BARAT,3274,KOTA CIREBON,BAIK,6,UNIT,2024/2025
782,32,JAWA BARAT,3274,KOTA CIREBON,RUSAK RINGAN,1,UNIT,2024/2025
783,32,JAWA BARAT,3274,KOTA CIREBON,RUSAK SEDANG,0,UNIT,2024/2025
784,32,JAWA BARAT,3274,KOTA CIREBON,RUSAK BERAT,2,UNIT,2024/2025
785,32,JAWA BARAT,3274,KOTA CIREBON,RUSAK TOTAL,0,UNIT,2024/2025
786,32,JAWA BARAT,3275,KOTA BEKASI,BAIK,16,UNIT,2024/2025
787,32,JAWA BARAT,3275,KOTA BEKASI,RUSAK RINGAN,6,UNIT,2024/2025
788,32,JAWA BARAT,3275,KOTA BEKASI,RUSAK SEDANG,0,UNIT,2024/2025
789,32,JAWA BARAT,3275,KOTA BEKASI,RUSAK BERAT,0,UNIT,2024/2025
790,32,JAWA BARAT,3275,KOTA BEKASI,RUSAK TOTAL,0,UNIT,2024/2025
791,32,JAWA BARAT,3276,KOTA DEPOK,BAIK,18,UNIT,2024/2025
792,32,JAWA BARAT,3276,KOTA DEPOK,RUSAK RINGAN,5,UNIT,2024/2025
793,32,JAWA BARAT,3276,KOTA DEPOK,RUSAK SEDANG,2,UNIT,2024/2025
794,32,JAWA BARAT,3276,KOTA DEPOK,RUSAK BERAT,0,UNIT,2024/2025
795,32,JAWA BARAT,3276,KOTA DEPOK,RUSAK TOTAL,0,UNIT,2024/2025
796,32,JAWA BARAT,3277,KOTA CIMAHI,BAIK,3,UNIT,2024/2025
797,32,JAWA BARAT,3277,KOTA CIMAHI,RUSAK RINGAN,0,UNIT,2024/2025
798,32,JAWA BARAT,3277,KOTA CIMAHI,RUSAK SEDANG,0,UNIT,2024/2025
799,32,JAWA BARAT,3277,KOTA CIMAHI,RUSAK BERAT,0,UNIT,2024/2025
800,32,JAWA BARAT,3277,KOTA CIMAHI,RUSAK TOTAL,0,UNIT,2024/2025
801,32,JAWA BARAT,3278,KOTA TASIKMALAYA,BAIK,4,UNIT,2024/2025
802,32,JAWA BARAT,3278,KOTA TASIKMALAYA,RUSAK RINGAN,5,UNIT,2024/2025
803,32,JAWA BARAT,3278,KOTA TASIKMALAYA,RUSAK SEDANG,0,UNIT,2024/2025
804,32,JAWA BARAT,3278,KOTA TASIKMALAYA,RUSAK BERAT,0,UNIT,2024/2025
805,32,JAWA BARAT,3278,KOTA TASIKMALAYA,RUSAK TOTAL,0,UNIT,2024/2025
806,32,JAWA BARAT,3279,KOTA BANJAR,BAIK,1,UNIT,2024/2025
807,32,JAWA BARAT,3279,KOTA BANJAR,RUSAK RINGAN,0,UNIT,2024/2025
808,32,JAWA BARAT,3279,KOTA BANJAR,RUSAK SEDANG,0,UNIT,2024/2025
809,32,JAWA BARAT,3279,KOTA BANJAR,RUSAK BERAT,0,UNIT,2024/2025
810,32,JAWA BARAT,3279,KOTA BANJAR,RUSAK TOTAL,0,UNIT,2024/2025
